epoch,train_loss_epoch,elbo_train,reconstruction_loss_train,kl_local_train,kl_global_train,validation_loss,elbo_validation,reconstruction_loss_validation,kl_local_validation,kl_global_validation,train_loss_step
1,298.2892150878906,744.0849609375,596.5709838867188,147.51397705078125,0.0,233.2775421142578,814.5054931640625,466.5376892089844,347.9677734375,0.0,197.21823120117188
2,212.05963134765625,4332.9501953125,423.923828125,3909.026611328125,0.0,202.54306030273438,2404.964599609375,404.98614501953125,1999.9783935546875,0.0,201.8789825439453
3,203.2643585205078,3746.985107421875,406.3617248535156,3340.624267578125,0.0,187.67572021484375,10975.052734375,374.8214416503906,10600.2314453125,0.0,198.28005981445312
4,198.21142578125,4164.79150390625,396.2344665527344,3768.557373046875,0.0,191.7167205810547,24956.587890625,382.2047424316406,24574.384765625,0.0,189.35618591308594
5,195.77711486816406,4386.15234375,391.3544921875,3994.79736328125,0.0,188.74749755859375,103280.8515625,372.3495788574219,102908.4921875,0.0,192.4711151123047
6,194.47262573242188,4289.9814453125,388.7500915527344,3901.2314453125,0.0,185.27554321289062,85255.796875,366.306640625,84889.484375,0.0,179.9036102294922
7,192.7883758544922,4236.21923828125,385.38421630859375,3850.83544921875,0.0,182.06671142578125,15771.0302734375,363.3630676269531,15407.6689453125,0.0,193.92755126953125
8,192.09002685546875,6165.3388671875,383.8910217285156,5781.4482421875,0.0,182.92092895507812,4695.83642578125,365.6253662109375,4330.21044921875,0.0,191.4120635986328
9,191.23329162597656,4029.393310546875,382.2841796875,3647.110107421875,0.0,180.82940673828125,2441.656494140625,361.5548095703125,2080.1015625,0.0,201.38037109375
10,190.83734130859375,6711.2529296875,381.3581237792969,6329.89404296875,0.0,180.1095733642578,2852.454345703125,360.09454345703125,2492.35986328125,0.0,168.55490112304688
11,190.1827392578125,3775.361328125,380.19573974609375,3395.16552734375,0.0,179.9161376953125,748.0729370117188,359.8128967285156,388.2600402832031,0.0,179.0431671142578
12,189.39251708984375,2269.241943359375,378.69049072265625,1890.5513916015625,0.0,179.83580017089844,1673.8409423828125,359.6059265136719,1314.2349853515625,0.0,199.22186279296875
13,188.43711853027344,3675.412353515625,376.7093200683594,3298.70361328125,0.0,179.84669494628906,1072.8131103515625,359.65771484375,713.1553344726562,0.0,194.072509765625
14,188.40660095214844,3958.670166015625,376.63409423828125,3582.035888671875,0.0,178.5558319091797,1216.05517578125,357.0687561035156,858.9865112304688,0.0,190.4519500732422
15,187.1650390625,2590.975830078125,374.2192687988281,2216.75732421875,0.0,177.9745330810547,737.1092529296875,355.9300231933594,381.17919921875,0.0,198.29258728027344
16,187.0419921875,2910.97265625,373.9571228027344,2537.015380859375,0.0,178.16778564453125,582.6873779296875,356.32427978515625,226.3631134033203,0.0,192.0371551513672
17,186.90084838867188,2757.060302734375,373.6825256347656,2383.3779296875,0.0,177.66453552246094,556.4583740234375,355.31903076171875,201.13931274414062,0.0,189.97848510742188
18,186.55645751953125,5179.17724609375,372.8726501464844,4806.3046875,0.0,177.46246337890625,583.4819946289062,354.9134826660156,228.56849670410156,0.0,193.83926391601562
19,186.28684997558594,1420.38134765625,372.521240234375,1047.8602294921875,0.0,176.98973083496094,736.6882934570312,353.9603271484375,382.72796630859375,0.0,184.25901794433594
20,186.1253204345703,2271.051025390625,372.15570068359375,1898.895263671875,0.0,176.8595733642578,651.7425537109375,353.7042541503906,298.0382995605469,0.0,178.88052368164062
21,186.17013549804688,5340.0576171875,372.0919494628906,4967.96533203125,0.0,176.9395751953125,765.3275756835938,353.85858154296875,411.46905517578125,0.0,178.89529418945312
22,186.04957580566406,7289.39453125,371.75323486328125,6917.6416015625,0.0,177.0153045654297,699.6273193359375,354.0133056640625,345.6139831542969,0.0,176.00462341308594
23,185.74249267578125,940.7265625,371.4564514160156,569.2700805664062,0.0,177.23837280273438,1333.987060546875,354.42779541015625,979.5592651367188,0.0,178.81524658203125
24,185.04335021972656,1321.8319091796875,370.0390319824219,951.792724609375,0.0,176.9068145751953,593.4600830078125,353.8016662597656,239.6584014892578,0.0,204.5684814453125
25,184.96092224121094,840.8633422851562,369.8982238769531,470.9650573730469,0.0,176.4989776611328,601.7906494140625,352.98553466796875,248.80508422851562,0.0,187.63583374023438
26,184.3915557861328,1303.5745849609375,368.736328125,934.8386840820312,0.0,175.96075439453125,535.2136840820312,351.9123229980469,183.30128479003906,0.0,188.473388671875
27,183.94996643066406,1161.0205078125,367.8602600097656,793.1599731445312,0.0,175.36932373046875,534.982421875,350.7294616699219,184.2529754638672,0.0,163.50595092773438
28,183.8229217529297,1646.723388671875,367.58184814453125,1279.141845703125,0.0,175.18470764160156,579.8377685546875,350.35797119140625,229.4798583984375,0.0,177.1881561279297
29,183.4779815673828,1350.6787109375,366.9068603515625,983.77197265625,0.0,174.77947998046875,511.1532897949219,349.55084228515625,161.60240173339844,0.0,172.31039428710938
30,183.15982055664062,824.4711303710938,366.29681396484375,458.1743469238281,0.0,174.56558227539062,548.1316528320312,349.1211853027344,199.01046752929688,0.0,175.75021362304688
31,183.24032592773438,2408.021240234375,366.3785705566406,2041.6424560546875,0.0,174.3095245361328,643.30078125,348.6043395996094,294.6963806152344,0.0,177.64283752441406
32,182.47483825683594,976.5166015625,364.9190368652344,611.5975341796875,0.0,173.90179443359375,612.5899047851562,347.7903747558594,264.7995910644531,0.0,181.05169677734375
33,182.37387084960938,1474.5933837890625,364.6922607421875,1109.90087890625,0.0,173.7061004638672,553.0384521484375,347.4018859863281,205.63661193847656,0.0,178.94619750976562
34,182.0806121826172,810.334228515625,364.1388854980469,446.19537353515625,0.0,173.57894897460938,523.2368774414062,347.14910888671875,176.08770751953125,0.0,173.28988647460938
35,181.707275390625,726.1124877929688,363.3963928222656,362.7160339355469,0.0,173.259521484375,517.2828369140625,346.510498046875,170.77235412597656,0.0,178.03237915039062
36,181.4336700439453,714.2075805664062,362.8497314453125,351.3578796386719,0.0,173.0197296142578,587.0390014648438,346.0274353027344,241.01153564453125,0.0,186.5626220703125
37,181.37521362304688,959.4119262695312,362.72052001953125,596.6911010742188,0.0,172.900146484375,553.2076416015625,345.7898864746094,207.41775512695312,0.0,191.55337524414062
38,180.9985809326172,758.1834106445312,361.9773254394531,396.2060546875,0.0,172.48690795898438,516.5108032226562,344.9652404785156,171.54562377929688,0.0,193.8903350830078
39,180.5453643798828,679.12939453125,361.0748291015625,318.0546569824219,0.0,172.16188049316406,510.2346496582031,344.3154602050781,165.91917419433594,0.0,169.10423278808594
40,180.3507080078125,761.0902709960938,360.6813659667969,400.40887451171875,0.0,171.86325073242188,543.3917846679688,343.7165222167969,199.67526245117188,0.0,187.47775268554688
41,180.12020874023438,691.4200439453125,360.22381591796875,331.19610595703125,0.0,171.86334228515625,583.7811889648438,343.7146911621094,240.0664520263672,0.0,180.0932159423828
42,180.1778564453125,1762.0543212890625,360.28564453125,1401.768798828125,0.0,171.43057250976562,515.156494140625,342.8525085449219,172.3039093017578,0.0,174.89337158203125
43,179.79324340820312,759.7366943359375,359.5664978027344,400.1701965332031,0.0,171.4628448486328,510.0399169921875,342.9173278808594,167.12257385253906,0.0,167.3385009765625
44,179.5784149169922,656.3233032226562,359.1419677734375,297.18133544921875,0.0,171.26034545898438,515.5151977539062,342.5120849609375,173.00311279296875,0.0,171.55361938476562
45,179.23318481445312,610.7763061523438,358.4537353515625,252.3225860595703,0.0,171.079833984375,533.3269653320312,342.15008544921875,191.17689514160156,0.0,177.9720458984375
46,179.0608367919922,697.6409912109375,358.10467529296875,339.5363464355469,0.0,170.82672119140625,501.6607971191406,341.6454772949219,160.01528930664062,0.0,
47,178.83387756347656,612.2748413085938,357.6549987792969,254.61968994140625,0.0,170.47186279296875,527.5389404296875,340.9344177246094,186.6045684814453,0.0,
48,178.77239990234375,588.6168212890625,357.53326416015625,231.0836944580078,0.0,170.73501586914062,531.5396728515625,341.4605407714844,190.07916259765625,0.0,
49,178.66452026367188,678.8296508789062,357.3130187988281,321.51666259765625,0.0,170.23851013183594,507.5516357421875,340.4686584472656,167.08297729492188,0.0,
50,178.2064208984375,668.6760864257812,356.397216796875,312.27886962890625,0.0,170.12437438964844,509.9405822753906,340.24029541015625,169.70033264160156,0.0,
51,178.20785522460938,637.7681884765625,356.4016418457031,281.36663818359375,0.0,169.89109802246094,509.8941650390625,339.7736511230469,170.12051391601562,0.0,
52,177.8762664794922,1023.9675903320312,355.7190856933594,668.2486572265625,0.0,169.94683837890625,498.1142272949219,339.8857421875,158.22845458984375,0.0,
53,177.61834716796875,564.8365478515625,355.2262268066406,209.61033630371094,0.0,169.86070251464844,499.4731140136719,339.7134094238281,159.75970458984375,0.0,
54,177.2407684326172,567.597900390625,354.4708557128906,213.1269989013672,0.0,169.53689575195312,494.3858337402344,339.0660400390625,155.31980895996094,0.0,
55,177.423828125,560.9215698242188,354.83734130859375,206.08421325683594,0.0,169.40858459472656,500.6843566894531,338.80908203125,161.87533569335938,0.0,
56,177.2070770263672,562.8829345703125,354.4037170410156,208.479248046875,0.0,169.32362365722656,500.1966857910156,338.63916015625,161.55751037597656,0.0,
57,177.07037353515625,546.8683471679688,354.1311340332031,192.73712158203125,0.0,169.148193359375,503.03662109375,338.2881164550781,164.74850463867188,0.0,
58,176.82374572753906,564.3330078125,353.6369323730469,210.69607543945312,0.0,169.01268005371094,494.7237548828125,338.0175476074219,156.70619201660156,0.0,
59,176.47308349609375,534.5492553710938,352.9371032714844,181.61209106445312,0.0,169.06919860839844,497.3559875488281,338.13043212890625,159.22557067871094,0.0,
60,176.22189331054688,528.2781982421875,352.4349670410156,175.84317016601562,0.0,168.89627075195312,497.1820373535156,337.7845764160156,159.39747619628906,0.0,
