drug,dose_nM,method,alpha
(+)-JQ1,10.0,original_loglinear,0.2603453447672145
(+)-JQ1,10.0,improved_hill,0.17187149596722187
(+)-JQ1,10.444025524245694,original_loglinear,0.26464183127283286
(+)-JQ1,10.444025524245694,improved_hill,0.1769856161584596
(+)-JQ1,10.907766915109553,original_loglinear,0.2689546612816753
(+)-JQ1,10.907766915109553,improved_hill,0.18221912740824156
(+)-JQ1,11.392099607392687,original_loglinear,0.27328325691647803
(+)-JQ1,11.392099607392687,improved_hill,0.18757286813379487
(+)-JQ1,11.897937907435857,original_loglinear,0.2776270563155014
(+)-JQ1,11.897937907435857,improved_hill,0.19304756174594098
(+)-JQ1,12.42623671911505,original_loglinear,0.2819855135340437
(+)-JQ1,12.42623671911505,improved_hill,0.19864380987438057
(+)-JQ1,12.977993346475664,original_loglinear,0.28635809841531873
(+)-JQ1,12.977993346475664,improved_hill,0.2043620856155275
(+)-JQ1,13.554249376408261,original_loglinear,0.2907442964335345
(+)-JQ1,13.554249376408261,improved_hill,0.2102027268347237
(+)-JQ1,14.156092644919916,original_loglinear,0.29514360851188837
(+)-JQ1,14.156092644919916,improved_hill,0.21616592955659833
(+)-JQ1,14.784659290713032,original_loglinear,0.2995555508180655
(+)-JQ1,14.784659290713032,improved_hill,0.2222517414791539
(+)-JQ1,15.441135899948314,original_loglinear,0.30397965453969666
(+)-JQ1,15.441135899948314,improved_hill,0.22846005564884564
(+)-JQ1,16.126761746240668,original_loglinear,0.3084154656420975
(+)-JQ1,16.126761746240668,improved_hill,0.2347906043354291
(+)-JQ1,16.84283113011666,original_loglinear,0.31286254461048313
(+)-JQ1,16.84283113011666,improved_hill,0.2412429531466739
(+)-JQ1,17.590695822349833,original_loglinear,0.31732046617871484
(+)-JQ1,17.590695822349833,improved_hill,0.24781649542412343
(+)-JQ1,18.371767615786375,original_loglinear,0.3217888190465098
(+)-JQ1,18.371767615786375,improved_hill,0.2545104469619192
(+)-JQ1,19.187520990478333,original_loglinear,0.32626720558691535
(+)-JQ1,19.187520990478333,improved_hill,0.2613238410912515
(+)-JQ1,20.03949589715557,original_loglinear,0.3307552415457251
(+)-JQ1,20.03949589715557,improved_hill,0.2682555241732353
(+)-JQ1,20.929300664290967,original_loglinear,0.33525255573439333
(+)-JQ1,20.929300664290967,improved_hill,0.27530415154290117
(+)-JQ1,21.858615034246718,original_loglinear,0.3397587897178876
(+)-JQ1,21.858615034246718,improved_hill,0.28246818394652434
(+)-JQ1,22.829193334233338,original_loglinear,0.34427359749880615
(+)-JQ1,22.829193334233338,improved_hill,0.2897458845136586
(+)-JQ1,23.842867788067263,original_loglinear,0.3487966451989806
(+)-JQ1,23.842867788067263,improved_hill,0.2971353163039813
(+)-JQ1,24.901551974978997,original_loglinear,0.35332761073967983
(+)-JQ1,24.901551974978997,improved_hill,0.30463434046738486
(+)-JQ1,26.007244442001138,original_loglinear,0.35786618352143285
(+)-JQ1,26.007244442001138,improved_hill,0.3122406150536386
(+)-JQ1,27.162032476755684,original_loglinear,0.3624120641043983
(+)-JQ1,27.162032476755684,improved_hill,0.3199515945054152
(+)-JQ1,28.368096047762684,original_loglinear,0.3669649638901162
(+)-JQ1,28.368096047762684,improved_hill,0.32776452986550114
(+)-JQ1,29.627711919708698,original_loglinear,0.37152460480539806
(+)-JQ1,29.627711919708698,improved_hill,0.33567646972561865
(+)-JQ1,30.943257951443588,original_loglinear,0.37609071898903157
(+)-JQ1,30.943257951443588,improved_hill,0.34368426194047624
(+)-JQ1,32.31721758481955,original_loglinear,0.3806630484819051
(+)-JQ1,32.31721758481955,improved_hill,0.351784556126459
(+)-JQ1,33.752184532845696,original_loglinear,0.38524134492108436
(+)-JQ1,33.752184532845696,improved_hill,0.3599738069597937
(+)-JQ1,35.250867676009136,original_loglinear,0.38982536923831823
(+)-JQ1,35.250867676009136,improved_hill,0.3682482782841151
(+)-JQ1,36.81609617600466,original_loglinear,0.3944148913633803
(+)-JQ1,36.81609617600466,improved_hill,0.3766040480321312
(+)-JQ1,38.45082481652772,original_loglinear,0.3990096899326095
(+)-JQ1,38.45082481652772,improved_hill,0.3850370139606295
(+)-JQ1,40.1581395812115,original_loglinear,0.40360955200295145
(+)-JQ1,40.1581395812115,improved_hill,0.3935429001923653
(+)-JQ1,41.94126347923944,original_loglinear,0.4082142727717655
(+)-JQ1,41.94126347923944,improved_hill,0.4021172645525589
(+)-JQ1,43.80356262962903,original_loglinear,0.4128236553026086
(+)-JQ1,43.80356262962903,improved_hill,0.4107555066817832
(+)-JQ1,45.74855261567406,original_loglinear,0.4174375102571783
(+)-JQ1,45.74855261567406,improved_hill,0.41945287690108063
(+)-JQ1,47.77990512153967,original_loglinear,0.42205565563355074
(+)-JQ1,47.77990512153967,improved_hill,0.42820448579921605
(+)-JQ1,49.90145486353981,original_loglinear,0.42667791651082515
(+)-JQ1,49.90145486353981,improved_hill,0.4370053145061621
(+)-JQ1,52.11720682918039,original_loglinear,0.4313041248002485
(+)-JQ1,52.11720682918039,improved_hill,0.4458502256112658
(+)-JQ1,54.431343837635225,original_loglinear,0.43593411900287365
(+)-JQ1,54.431343837635225,improved_hill,0.4547339746791497
(+)-JQ1,56.84823443592555,original_loglinear,0.44056774397377285
(+)-JQ1,56.84823443592555,improved_hill,0.4636512223113019
(+)-JQ1,59.37244114571097,original_loglinear,0.4452048506928121
(+)-JQ1,59.37244114571097,improved_hill,0.47259654669660506
(+)-JQ1,62.00872907625803,original_loglinear,0.4498452960419666
(+)-JQ1,62.00872907625803,improved_hill,0.4815644565897635
(+)-JQ1,64.76207491984752,original_loglinear,0.4544889425891447
(+)-JQ1,64.76207491984752,improved_hill,0.4905494046528153
(+)-JQ1,67.63767634659992,original_loglinear,0.4591356583784661
(+)-JQ1,67.63767634659992,improved_hill,0.49954580109166247
(+)-JQ1,70.6409618164559,original_loglinear,0.46378531672693235
(+)-JQ1,70.6409618164559,improved_hill,0.508548027516909
(+)-JQ1,73.77760082683305,original_loglinear,0.46843779602740787
(+)-JQ1,73.77760082683305,improved_hill,0.5175504509562616
(+)-JQ1,77.05351461530549,original_loglinear,0.47309297955782753
(+)-JQ1,77.05351461530549,improved_hill,0.5265474379443774
(+)-JQ1,80.47488733750892,original_loglinear,0.47775075529652655
(+)-JQ1,80.47488733750892,improved_hill,0.535533368615328
(+)-JQ1,84.04817774137396,original_loglinear,0.4824110157435929
(+)-JQ1,84.04817774137396,improved_hill,0.5445026507228393
(+)-JQ1,87.78013135972485,original_loglinear,0.48707365774812345
(+)-JQ1,87.78013135972485,improved_hill,0.5534497335141103
(+)-JQ1,91.67779324426061,original_loglinear,0.49173858234126727
(+)-JQ1,91.67779324426061,improved_hill,0.5623691213843538
(+)-JQ1,95.74852126495772,original_loglinear,0.49640569457493144
(+)-JQ1,95.74852126495772,improved_hill,0.5712553872411815
(+)-JQ1,100.0,original_loglinear,0.5010749033660212
(+)-JQ1,100.0,improved_hill,0.5801031855105667
(+)-JQ1,104.44025524245698,original_loglinear,0.5057461213460835
(+)-JQ1,104.44025524245698,improved_hill,0.5889072647193213
(+)-JQ1,109.07766915109553,original_loglinear,0.5104192647162189
(+)-JQ1,109.07766915109553,improved_hill,0.5976624795927701
(+)-JQ1,113.92099607392682,original_loglinear,0.5150942531071298
(+)-JQ1,113.92099607392682,improved_hill,0.6063638026105538
(+)-JQ1,118.97937907435858,original_loglinear,0.5197710094441651
(+)-JQ1,118.97937907435858,improved_hill,0.6150063349681762
(+)-JQ1,124.26236719115056,original_loglinear,0.5244494598172256
(+)-JQ1,124.26236719115056,improved_hill,0.6235853168969783
(+)-JQ1,129.77993346475662,original_loglinear,0.529129533355395
(+)-JQ1,129.77993346475662,improved_hill,0.6320961373006059
(+)-JQ1,135.54249376408254,original_loglinear,0.5338111621061583
(+)-JQ1,135.54249376408254,improved_hill,0.6405343426716639
(+)-JQ1,141.56092644919914,original_loglinear,0.5384942809190698
(+)-JQ1,141.56092644919914,improved_hill,0.6488956452580531
(+)-JQ1,147.8465929071304,original_loglinear,0.5431788273337417
(+)-JQ1,147.8465929071304,improved_hill,0.6571759304544099
(+)-JQ1,154.41135899948313,original_loglinear,0.5478647414720138
(+)-JQ1,154.41135899948313,improved_hill,0.6653712634000236
(+)-JQ1,161.2676174624066,original_loglinear,0.5525519659341787
(+)-JQ1,161.2676174624066,improved_hill,0.6734778947705313
(+)-JQ1,168.4283113011666,original_loglinear,0.5572404456991273
(+)-JQ1,168.4283113011666,improved_hill,0.6814922657565432
(+)-JQ1,175.9069582234984,original_loglinear,0.5619301280282916
(+)-JQ1,175.9069582234984,improved_hill,0.6894110122280358
(+)-JQ1,183.71767615786374,original_loglinear,0.5666209623732575
(+)-JQ1,183.71767615786374,improved_hill,0.6972309680888458
(+)-JQ1,191.87520990478325,original_loglinear,0.5713129002869264
(+)-JQ1,191.87520990478325,improved_hill,0.7049491678308315
(+)-JQ1,200.39495897155572,original_loglinear,0.5760058953381031
(+)-JQ1,200.39495897155572,improved_hill,0.7125628483022033
(+)-JQ1,209.29300664290977,original_loglinear,0.5806999030293944
(+)-JQ1,209.29300664290977,improved_hill,0.720069449709127
(+)-JQ1,218.5861503424672,original_loglinear,0.5853948807183044
(+)-JQ1,218.5861503424672,improved_hill,0.7274666158739368
(+)-JQ1,228.29193334233327,original_loglinear,0.5900907875414122
(+)-JQ1,228.29193334233327,improved_hill,0.7347521937771312
(+)-JQ1,238.42867788067264,original_loglinear,0.5947875843415249
(+)-JQ1,238.42867788067264,improved_hill,0.7419242324137482
(+)-JQ1,249.0155197497901,original_loglinear,0.5994852335976981
(+)-JQ1,249.0155197497901,improved_hill,0.7489809809977167
(+)-JQ1,260.0724444200114,original_loglinear,0.6041836993580224
(+)-JQ1,260.0724444200114,improved_hill,0.7559208865503543
(+)-JQ1,271.6203247675567,original_loglinear,0.6088829471750742
(+)-JQ1,271.6203247675567,improved_hill,0.7627425909113013
(+)-JQ1,283.68096047762685,original_loglinear,0.6135829440439333
(+)-JQ1,283.68096047762685,improved_hill,0.7694449272119036
(+)-JQ1,296.27711919708696,original_loglinear,0.618283658342673
(+)-JQ1,296.27711919708696,improved_hill,0.7760269158523315
(+)-JQ1,309.4325795144359,original_loglinear,0.6229850597752304
(+)-JQ1,309.4325795144359,improved_hill,0.7824877600246121
(+)-JQ1,323.17217584819514,original_loglinear,0.6276871193165696
(+)-JQ1,323.17217584819514,improved_hill,0.7888268408242434
(+)-JQ1,337.52184532845695,original_loglinear,0.6323898091600486
(+)-JQ1,337.52184532845695,improved_hill,0.795043711993195
(+)-JQ1,352.5086767600913,original_loglinear,0.637093102666909
(+)-JQ1,352.5086767600913,improved_hill,0.8011380943368807
(+)-JQ1,368.1609617600467,original_loglinear,0.6417969743178067
(+)-JQ1,368.1609617600467,improved_hill,0.8071098698571721
(+)-JQ1,384.5082481652768,original_loglinear,0.6465013996663066
(+)-JQ1,384.5082481652768,improved_hill,0.8129590756427015
(+)-JQ1,401.58139581211503,original_loglinear,0.6512063552942633
(+)-JQ1,401.58139581211503,improved_hill,0.8186858975566287
(+)-JQ1,419.41263479239444,original_loglinear,0.655911818769018
(+)-JQ1,419.41263479239444,improved_hill,0.824290663760755
(+)-JQ1,438.0356262962902,original_loglinear,0.6606177686023387
(+)-JQ1,438.0356262962902,improved_hill,0.8297738381133549
(+)-JQ1,457.4855261567401,original_loglinear,0.6653241842110381
(+)-JQ1,457.4855261567401,improved_hill,0.8351360134764352
(+)-JQ1,477.7990512153967,original_loglinear,0.6700310458792016
(+)-JQ1,477.7990512153967,improved_hill,0.840377904966312
(+)-JQ1,499.01454863539806,original_loglinear,0.6747383347219619
(+)-JQ1,499.01454863539806,improved_hill,0.8455003431794803
(+)-JQ1,521.1720682918038,original_loglinear,0.6794460326507619
(+)-JQ1,521.1720682918038,improved_hill,0.8505042674237288
(+)-JQ1,544.3134383763517,original_loglinear,0.6841541223400446
(+)-JQ1,544.3134383763517,improved_hill,0.855390718982392
(+)-JQ1,568.4823443592555,original_loglinear,0.6888625871953141
(+)-JQ1,568.4823443592555,improved_hill,0.860160834437511
(+)-JQ1,593.7244114571097,original_loglinear,0.6935714113225127
(+)-JQ1,593.7244114571097,improved_hill,0.8648158390755504
(+)-JQ1,620.0872907625803,original_loglinear,0.6982805794986631
(+)-JQ1,620.0872907625803,improved_hill,0.8693570403972023
(+)-JQ1,647.6207491984753,original_loglinear,0.7029900771437227
(+)-JQ1,647.6207491984753,improved_hill,0.8737858217506963
(+)-JQ1,676.3767634659991,original_loglinear,0.7076998902936039
(+)-JQ1,676.3767634659991,improved_hill,0.8781036361059766
(+)-JQ1,706.409618164559,original_loglinear,0.7124100055743108
(+)-JQ1,706.409618164559,improved_hill,0.8823119999850955
(+)-JQ1,737.7760082683312,original_loglinear,0.7171204101771494
(+)-JQ1,737.7760082683312,improved_hill,0.8864124875622187
(+)-JQ1,770.5351461530549,original_loglinear,0.721831091834967
(+)-JQ1,770.5351461530549,improved_hill,0.8904067249447697
(+)-JQ1,804.7488733750887,original_loglinear,0.726542038799379
(+)-JQ1,804.7488733750887,improved_hill,0.8942963846454406
(+)-JQ1,840.4817774137397,original_loglinear,0.7312532398189435
(+)-JQ1,840.4817774137397,improved_hill,0.8980831802531004
(+)-JQ1,877.801313597249,original_loglinear,0.7359646841182441
(+)-JQ1,877.801313597249,improved_hill,0.9017688613090171
(+)-JQ1,916.7779324426061,original_loglinear,0.7406763613778449
(+)-JQ1,916.7779324426061,improved_hill,0.905355208393302
(+)-JQ1,957.4852126495767,original_loglinear,0.7453882617150822
(+)-JQ1,957.4852126495767,improved_hill,0.9088440284250761
(+)-JQ1,1000.0,original_loglinear,0.7501003756656573
(+)-JQ1,1000.0,improved_hill,0.9122371501785455
(+)-JQ1,1044.4025524245687,original_loglinear,0.7548126941659987
(+)-JQ1,1044.4025524245687,improved_hill,0.9155364200159706
(+)-JQ1,1090.7766915109553,original_loglinear,0.7595252085363623
(+)-JQ1,1090.7766915109553,improved_hill,0.9187436978374084
(+)-JQ1,1139.2099607392681,original_loglinear,0.7642379104646378
(+)-JQ1,1139.2099607392681,improved_hill,0.9218608532460985
(+)-JQ1,1189.7937907435858,original_loglinear,0.7689507919908344
(+)-JQ1,1189.7937907435858,improved_hill,0.9248897619274605
(+)-JQ1,1242.6236719115043,original_loglinear,0.773663845492215
(+)-JQ1,1242.6236719115043,improved_hill,0.9278323022388504
(+)-JQ1,1297.7993346475664,original_loglinear,0.7783770636690555
(+)-JQ1,1297.7993346475664,improved_hill,0.9306903520065053
(+)-JQ1,1355.4249376408254,original_loglinear,0.7830904395309999
(+)-JQ1,1355.4249376408254,improved_hill,0.9334657855254651
(+)-JQ1,1415.6092644919916,original_loglinear,0.7878039663839892
(+)-JQ1,1415.6092644919916,improved_hill,0.936160470757708
(+)-JQ1,1478.4659290713025,original_loglinear,0.7925176378177384
(+)-JQ1,1478.4659290713025,improved_hill,0.9387762667232591
(+)-JQ1,1544.1135899948315,original_loglinear,0.7972314476937411
(+)-JQ1,1544.1135899948315,improved_hill,0.9413150210786279
(+)-JQ1,1612.676174624066,original_loglinear,0.8019453901337764
(+)-JQ1,1612.676174624066,improved_hill,0.9437785678765988
(+)-JQ1,1684.283113011666,original_loglinear,0.8066594595089014
(+)-JQ1,1684.283113011666,improved_hill,0.9461687255011252
(+)-JQ1,1759.0695822349824,original_loglinear,0.8113736504289052
(+)-JQ1,1759.0695822349824,improved_hill,0.9484872947708664
(+)-JQ1,1837.1767615786375,original_loglinear,0.8160879577322079
(+)-JQ1,1837.1767615786375,improved_hill,0.9507360572047534
(+)-JQ1,1918.7520990478324,original_loglinear,0.8208023764761843
(+)-JQ1,1918.7520990478324,improved_hill,0.9529167734428564
(+)-JQ1,2003.9495897155573,original_loglinear,0.8255169019278965
(+)-JQ1,2003.9495897155573,improved_hill,0.9550311818157693
(+)-JQ1,2092.9300664290954,original_loglinear,0.8302315295552151
(+)-JQ1,2092.9300664290954,improved_hill,0.9570809970557025
(+)-JQ1,2185.861503424672,original_loglinear,0.8349462550183173
(+)-JQ1,2185.861503424672,improved_hill,0.9590679091424937
(+)-JQ1,2282.919333423333,original_loglinear,0.8396610741615413
(+)-JQ1,2282.919333423333,improved_hill,0.9609935822777913
(+)-JQ1,2384.2867788067265,original_loglinear,0.8443759830055861
(+)-JQ1,2384.2867788067265,improved_hill,0.9628596539807444
(+)-JQ1,2490.1551974978984,original_loglinear,0.8490909777400394
(+)-JQ1,2490.1551974978984,improved_hill,0.9646677342986356
(+)-JQ1,2600.724444200114,original_loglinear,0.853806054716222
(+)-JQ1,2600.724444200114,improved_hill,0.9664194051260213
(+)-JQ1,2716.20324767557,original_loglinear,0.8585212104403332
(+)-JQ1,2716.20324767557,improved_hill,0.9681162196260802
(+)-JQ1,2836.8096047762683,original_loglinear,0.8632364415668871
(+)-JQ1,2836.8096047762683,improved_hill,0.9697597017480408
(+)-JQ1,2962.77119197087,original_loglinear,0.8679517448924253
(+)-JQ1,2962.77119197087,improved_hill,0.9713513458347266
(+)-JQ1,3094.325795144359,original_loglinear,0.8726671173494953
(+)-JQ1,3094.325795144359,improved_hill,0.9728926163144437
(+)-JQ1,3231.721758481955,original_loglinear,0.8773825560008854
(+)-JQ1,3231.721758481955,improved_hill,0.9743849474716305
(+)-JQ1,3375.2184532845695,original_loglinear,0.8820980580340995
(+)-JQ1,3375.2184532845695,improved_hill,0.9758297432908905
(+)-JQ1,3525.0867676009134,original_loglinear,0.8868136207560703
(+)-JQ1,3525.0867676009134,improved_hill,0.9772283773692312
(+)-JQ1,3681.6096176004667,original_loglinear,0.8915292415880919
(+)-JQ1,3681.6096176004667,improved_hill,0.9785821928915471
(+)-JQ1,3845.082481652772,original_loglinear,0.8962449180609707
(+)-JQ1,3845.082481652772,improved_hill,0.979892502664589
(+)-JQ1,4015.8139581211503,original_loglinear,0.9009606478103779
(+)-JQ1,4015.8139581211503,improved_hill,0.9811605892048766
(+)-JQ1,4194.126347923944,original_loglinear,0.9056764285724014
(+)-JQ1,4194.126347923944,improved_hill,0.9823877048762231
(+)-JQ1,4380.356262962902,original_loglinear,0.9103922581792855
(+)-JQ1,4380.356262962902,improved_hill,0.9835750720727441
(+)-JQ1,4574.855261567406,original_loglinear,0.9151081345553496
(+)-JQ1,4574.855261567406,improved_hill,0.9847238834434352
(+)-JQ1,4777.990512153967,original_loglinear,0.9198240557130812
(+)-JQ1,4777.990512153967,improved_hill,0.9858353021545991
(+)-JQ1,4990.145486353981,original_loglinear,0.9245400197493948
(+)-JQ1,4990.145486353981,improved_hill,0.9869104621866067
(+)-JQ1,5211.720682918039,original_loglinear,0.9292560248420472
(+)-JQ1,5211.720682918039,improved_hill,0.9879504686616656
(+)-JQ1,5443.134383763522,original_loglinear,0.9339720692462068
(+)-JQ1,5443.134383763522,improved_hill,0.988956398199462
(+)-JQ1,5684.823443592555,original_loglinear,0.9386881512911678
(+)-JQ1,5684.823443592555,improved_hill,0.9899292992977209
(+)-JQ1,5937.244114571097,original_loglinear,0.9434042693772025
(+)-JQ1,5937.244114571097,improved_hill,0.9908701927349096
(+)-JQ1,6200.872907625803,original_loglinear,0.9481204219725484
(+)-JQ1,6200.872907625803,improved_hill,0.9917800719924778
(+)-JQ1,6476.207491984753,original_loglinear,0.9528366076105235
(+)-JQ1,6476.207491984753,improved_hill,0.9926599036941935
(+)-JQ1,6763.767634659991,original_loglinear,0.9575528248867609
(+)-JQ1,6763.767634659991,improved_hill,0.9935106280602929
(+)-JQ1,7064.09618164559,original_loglinear,0.9622690724565645
(+)-JQ1,7064.09618164559,improved_hill,0.9943331593743093
(+)-JQ1,7377.760082683305,original_loglinear,0.9669853490323747
(+)-JQ1,7377.760082683305,improved_hill,0.9951283864605993
(+)-JQ1,7705.351461530549,original_loglinear,0.9717016533813416
(+)-JQ1,7705.351461530549,improved_hill,0.995897173170714
(+)-JQ1,8047.488733750887,original_loglinear,0.9764179843230021
(+)-JQ1,8047.488733750887,improved_hill,0.9966403588769018
(+)-JQ1,8404.817774137397,original_loglinear,0.9811343407270544
(+)-JQ1,8404.817774137397,improved_hill,0.9973587589711528
(+)-JQ1,8778.01313597248,original_loglinear,0.9858507215112279
(+)-JQ1,8778.01313597248,improved_hill,0.9980531653683119
(+)-JQ1,9167.779324426061,original_loglinear,0.9905671256392435
(+)-JQ1,9167.779324426061,improved_hill,0.9987243470119076
(+)-JQ1,9574.852126495767,original_loglinear,0.9952835521188591
(+)-JQ1,9574.852126495767,improved_hill,0.9993730503814424
(+)-JQ1,10000.0,original_loglinear,1.0
(+)-JQ1,10000.0,improved_hill,1.0
Trametinib (GSK1120212),10.0,original_loglinear,0.2603453447672145
Trametinib (GSK1120212),10.0,improved_hill,0.8579644368837089
Trametinib (GSK1120212),10.444025524245694,original_loglinear,0.26464183127283286
Trametinib (GSK1120212),10.444025524245694,improved_hill,0.8590248180682268
Trametinib (GSK1120212),10.907766915109553,original_loglinear,0.2689546612816753
Trametinib (GSK1120212),10.907766915109553,improved_hill,0.8600832097151515
Trametinib (GSK1120212),11.392099607392687,original_loglinear,0.27328325691647803
Trametinib (GSK1120212),11.392099607392687,improved_hill,0.8611396074582756
Trametinib (GSK1120212),11.897937907435857,original_loglinear,0.2776270563155014
Trametinib (GSK1120212),11.897937907435857,improved_hill,0.8621940069853895
Trametinib (GSK1120212),12.42623671911505,original_loglinear,0.2819855135340437
Trametinib (GSK1120212),12.42623671911505,improved_hill,0.8632464040382267
Trametinib (GSK1120212),12.977993346475664,original_loglinear,0.28635809841531873
Trametinib (GSK1120212),12.977993346475664,improved_hill,0.8642967944124026
Trametinib (GSK1120212),13.554249376408261,original_loglinear,0.2907442964335345
Trametinib (GSK1120212),13.554249376408261,improved_hill,0.8653451739573544
Trametinib (GSK1120212),14.156092644919916,original_loglinear,0.29514360851188837
Trametinib (GSK1120212),14.156092644919916,improved_hill,0.866391538576276
Trametinib (GSK1120212),14.784659290713032,original_loglinear,0.2995555508180655
Trametinib (GSK1120212),14.784659290713032,improved_hill,0.867435884226052
Trametinib (GSK1120212),15.441135899948314,original_loglinear,0.30397965453969666
Trametinib (GSK1120212),15.441135899948314,improved_hill,0.8684782069171872
Trametinib (GSK1120212),16.126761746240668,original_loglinear,0.3084154656420975
Trametinib (GSK1120212),16.126761746240668,improved_hill,0.8695185027137364
Trametinib (GSK1120212),16.84283113011666,original_loglinear,0.31286254461048313
Trametinib (GSK1120212),16.84283113011666,improved_hill,0.8705567677332291
Trametinib (GSK1120212),17.590695822349833,original_loglinear,0.31732046617871484
Trametinib (GSK1120212),17.590695822349833,improved_hill,0.8715929981465931
Trametinib (GSK1120212),18.371767615786375,original_loglinear,0.3217888190465098
Trametinib (GSK1120212),18.371767615786375,improved_hill,0.8726271901780759
Trametinib (GSK1120212),19.187520990478333,original_loglinear,0.32626720558691535
Trametinib (GSK1120212),19.187520990478333,improved_hill,0.8736593401051628
Trametinib (GSK1120212),20.03949589715557,original_loglinear,0.3307552415457251
Trametinib (GSK1120212),20.03949589715557,improved_hill,0.8746894442584928
Trametinib (GSK1120212),20.929300664290967,original_loglinear,0.33525255573439333
Trametinib (GSK1120212),20.929300664290967,improved_hill,0.8757174990217733
Trametinib (GSK1120212),21.858615034246718,original_loglinear,0.3397587897178876
Trametinib (GSK1120212),21.858615034246718,improved_hill,0.8767435008316904
Trametinib (GSK1120212),22.829193334233338,original_loglinear,0.34427359749880615
Trametinib (GSK1120212),22.829193334233338,improved_hill,0.877767446177819
Trametinib (GSK1120212),23.842867788067263,original_loglinear,0.3487966451989806
Trametinib (GSK1120212),23.842867788067263,improved_hill,0.8787893316025287
Trametinib (GSK1120212),24.901551974978997,original_loglinear,0.35332761073967983
Trametinib (GSK1120212),24.901551974978997,improved_hill,0.8798091537008892
Trametinib (GSK1120212),26.007244442001138,original_loglinear,0.35786618352143285
Trametinib (GSK1120212),26.007244442001138,improved_hill,0.8808269091205717
Trametinib (GSK1120212),27.162032476755684,original_loglinear,0.3624120641043983
Trametinib (GSK1120212),27.162032476755684,improved_hill,0.8818425945617495
Trametinib (GSK1120212),28.368096047762684,original_loglinear,0.3669649638901162
Trametinib (GSK1120212),28.368096047762684,improved_hill,0.8828562067769954
Trametinib (GSK1120212),29.627711919708698,original_loglinear,0.37152460480539806
Trametinib (GSK1120212),29.627711919708698,improved_hill,0.8838677425711773
Trametinib (GSK1120212),30.943257951443588,original_loglinear,0.37609071898903157
Trametinib (GSK1120212),30.943257951443588,improved_hill,0.8848771988013516
Trametinib (GSK1120212),32.31721758481955,original_loglinear,0.3806630484819051
Trametinib (GSK1120212),32.31721758481955,improved_hill,0.8858845723766547
Trametinib (GSK1120212),33.752184532845696,original_loglinear,0.38524134492108436
Trametinib (GSK1120212),33.752184532845696,improved_hill,0.8868898602581915
Trametinib (GSK1120212),35.250867676009136,original_loglinear,0.38982536923831823
Trametinib (GSK1120212),35.250867676009136,improved_hill,0.8878930594589224
Trametinib (GSK1120212),36.81609617600466,original_loglinear,0.3944148913633803
Trametinib (GSK1120212),36.81609617600466,improved_hill,0.8888941670435482
Trametinib (GSK1120212),38.45082481652772,original_loglinear,0.3990096899326095
Trametinib (GSK1120212),38.45082481652772,improved_hill,0.8898931801283931
Trametinib (GSK1120212),40.1581395812115,original_loglinear,0.40360955200295145
Trametinib (GSK1120212),40.1581395812115,improved_hill,0.890890095881285
Trametinib (GSK1120212),41.94126347923944,original_loglinear,0.4082142727717655
Trametinib (GSK1120212),41.94126347923944,improved_hill,0.891884911521434
Trametinib (GSK1120212),43.80356262962903,original_loglinear,0.4128236553026086
Trametinib (GSK1120212),43.80356262962903,improved_hill,0.8928776243193093
Trametinib (GSK1120212),45.74855261567406,original_loglinear,0.4174375102571783
Trametinib (GSK1120212),45.74855261567406,improved_hill,0.8938682315965134
Trametinib (GSK1120212),47.77990512153967,original_loglinear,0.42205565563355074
Trametinib (GSK1120212),47.77990512153967,improved_hill,0.894856730725655
Trametinib (GSK1120212),49.90145486353981,original_loglinear,0.42667791651082515
Trametinib (GSK1120212),49.90145486353981,improved_hill,0.8958431191302197
Trametinib (GSK1120212),52.11720682918039,original_loglinear,0.4313041248002485
Trametinib (GSK1120212),52.11720682918039,improved_hill,0.896827394284438
Trametinib (GSK1120212),54.431343837635225,original_loglinear,0.43593411900287365
Trametinib (GSK1120212),54.431343837635225,improved_hill,0.8978095537131527
Trametinib (GSK1120212),56.84823443592555,original_loglinear,0.44056774397377285
Trametinib (GSK1120212),56.84823443592555,improved_hill,0.8987895949916836
Trametinib (GSK1120212),59.37244114571097,original_loglinear,0.4452048506928121
Trametinib (GSK1120212),59.37244114571097,improved_hill,0.8997675157456907
Trametinib (GSK1120212),62.00872907625803,original_loglinear,0.4498452960419666
Trametinib (GSK1120212),62.00872907625803,improved_hill,0.9007433136510338
Trametinib (GSK1120212),64.76207491984752,original_loglinear,0.4544889425891447
Trametinib (GSK1120212),64.76207491984752,improved_hill,0.9017169864336351
Trametinib (GSK1120212),67.63767634659992,original_loglinear,0.4591356583784661
Trametinib (GSK1120212),67.63767634659992,improved_hill,0.9026885318693322
Trametinib (GSK1120212),70.6409618164559,original_loglinear,0.46378531672693235
Trametinib (GSK1120212),70.6409618164559,improved_hill,0.9036579477837378
Trametinib (GSK1120212),73.77760082683305,original_loglinear,0.46843779602740787
Trametinib (GSK1120212),73.77760082683305,improved_hill,0.9046252320520911
Trametinib (GSK1120212),77.05351461530549,original_loglinear,0.47309297955782753
Trametinib (GSK1120212),77.05351461530549,improved_hill,0.9055903825991112
Trametinib (GSK1120212),80.47488733750892,original_loglinear,0.47775075529652655
Trametinib (GSK1120212),80.47488733750892,improved_hill,0.9065533973988461
Trametinib (GSK1120212),84.04817774137396,original_loglinear,0.4824110157435929
Trametinib (GSK1120212),84.04817774137396,improved_hill,0.9075142744745235
Trametinib (GSK1120212),87.78013135972485,original_loglinear,0.48707365774812345
Trametinib (GSK1120212),87.78013135972485,improved_hill,0.9084730118983955
Trametinib (GSK1120212),91.67779324426061,original_loglinear,0.49173858234126727
Trametinib (GSK1120212),91.67779324426061,improved_hill,0.9094296077915858
Trametinib (GSK1120212),95.74852126495772,original_loglinear,0.49640569457493144
Trametinib (GSK1120212),95.74852126495772,improved_hill,0.9103840603239322
Trametinib (GSK1120212),100.0,original_loglinear,0.5010749033660212
Trametinib (GSK1120212),100.0,improved_hill,0.911336367713829
Trametinib (GSK1120212),104.44025524245698,original_loglinear,0.5057461213460835
Trametinib (GSK1120212),104.44025524245698,improved_hill,0.9122865282280678
Trametinib (GSK1120212),109.07766915109553,original_loglinear,0.5104192647162189
Trametinib (GSK1120212),109.07766915109553,improved_hill,0.9132345401816755
Trametinib (GSK1120212),113.92099607392682,original_loglinear,0.5150942531071298
Trametinib (GSK1120212),113.92099607392682,improved_hill,0.914180401937753
Trametinib (GSK1120212),118.97937907435858,original_loglinear,0.5197710094441651
Trametinib (GSK1120212),118.97937907435858,improved_hill,0.9151241119073095
Trametinib (GSK1120212),124.26236719115056,original_loglinear,0.5244494598172256
Trametinib (GSK1120212),124.26236719115056,improved_hill,0.9160656685490975
Trametinib (GSK1120212),129.77993346475662,original_loglinear,0.529129533355395
Trametinib (GSK1120212),129.77993346475662,improved_hill,0.9170050703694453
Trametinib (GSK1120212),135.54249376408254,original_loglinear,0.5338111621061583
Trametinib (GSK1120212),135.54249376408254,improved_hill,0.9179423159220891
Trametinib (GSK1120212),141.56092644919914,original_loglinear,0.5384942809190698
Trametinib (GSK1120212),141.56092644919914,improved_hill,0.918877403808001
Trametinib (GSK1120212),147.8465929071304,original_loglinear,0.5431788273337417
Trametinib (GSK1120212),147.8465929071304,improved_hill,0.919810332675219
Trametinib (GSK1120212),154.41135899948313,original_loglinear,0.5478647414720138
Trametinib (GSK1120212),154.41135899948313,improved_hill,0.9207411012186738
Trametinib (GSK1120212),161.2676174624066,original_loglinear,0.5525519659341787
Trametinib (GSK1120212),161.2676174624066,improved_hill,0.9216697081800135
Trametinib (GSK1120212),168.4283113011666,original_loglinear,0.5572404456991273
Trametinib (GSK1120212),168.4283113011666,improved_hill,0.9225961523474282
Trametinib (GSK1120212),175.9069582234984,original_loglinear,0.5619301280282916
Trametinib (GSK1120212),175.9069582234984,improved_hill,0.9235204325554737
Trametinib (GSK1120212),183.71767615786374,original_loglinear,0.5666209623732575
Trametinib (GSK1120212),183.71767615786374,improved_hill,0.9244425476848913
Trametinib (GSK1120212),191.87520990478325,original_loglinear,0.5713129002869264
Trametinib (GSK1120212),191.87520990478325,improved_hill,0.9253624966624299
Trametinib (GSK1120212),200.39495897155572,original_loglinear,0.5760058953381031
Trametinib (GSK1120212),200.39495897155572,improved_hill,0.9262802784606635
Trametinib (GSK1120212),209.29300664290977,original_loglinear,0.5806999030293944
Trametinib (GSK1120212),209.29300664290977,improved_hill,0.9271958920978093
Trametinib (GSK1120212),218.5861503424672,original_loglinear,0.5853948807183044
Trametinib (GSK1120212),218.5861503424672,improved_hill,0.9281093366375441
Trametinib (GSK1120212),228.29193334233327,original_loglinear,0.5900907875414122
Trametinib (GSK1120212),228.29193334233327,improved_hill,0.9290206111888205
Trametinib (GSK1120212),238.42867788067264,original_loglinear,0.5947875843415249
Trametinib (GSK1120212),238.42867788067264,improved_hill,0.9299297149056789
Trametinib (GSK1120212),249.0155197497901,original_loglinear,0.5994852335976981
Trametinib (GSK1120212),249.0155197497901,improved_hill,0.9308366469870618
Trametinib (GSK1120212),260.0724444200114,original_loglinear,0.6041836993580224
Trametinib (GSK1120212),260.0724444200114,improved_hill,0.9317414066766249
Trametinib (GSK1120212),271.6203247675567,original_loglinear,0.6088829471750742
Trametinib (GSK1120212),271.6203247675567,improved_hill,0.9326439932625475
Trametinib (GSK1120212),283.68096047762685,original_loglinear,0.6135829440439333
Trametinib (GSK1120212),283.68096047762685,improved_hill,0.9335444060773428
Trametinib (GSK1120212),296.27711919708696,original_loglinear,0.618283658342673
Trametinib (GSK1120212),296.27711919708696,improved_hill,0.934442644497665
Trametinib (GSK1120212),309.4325795144359,original_loglinear,0.6229850597752304
Trametinib (GSK1120212),309.4325795144359,improved_hill,0.9353387079441164
Trametinib (GSK1120212),323.17217584819514,original_loglinear,0.6276871193165696
Trametinib (GSK1120212),323.17217584819514,improved_hill,0.9362325958810552
Trametinib (GSK1120212),337.52184532845695,original_loglinear,0.6323898091600486
Trametinib (GSK1120212),337.52184532845695,improved_hill,0.937124307816399
Trametinib (GSK1120212),352.5086767600913,original_loglinear,0.637093102666909
Trametinib (GSK1120212),352.5086767600913,improved_hill,0.9380138433014292
Trametinib (GSK1120212),368.1609617600467,original_loglinear,0.6417969743178067
Trametinib (GSK1120212),368.1609617600467,improved_hill,0.9389012019305946
Trametinib (GSK1120212),384.5082481652768,original_loglinear,0.6465013996663066
Trametinib (GSK1120212),384.5082481652768,improved_hill,0.9397863833413127
Trametinib (GSK1120212),401.58139581211503,original_loglinear,0.6512063552942633
Trametinib (GSK1120212),401.58139581211503,improved_hill,0.9406693872137722
Trametinib (GSK1120212),419.41263479239444,original_loglinear,0.655911818769018
Trametinib (GSK1120212),419.41263479239444,improved_hill,0.9415502132707316
Trametinib (GSK1120212),438.0356262962902,original_loglinear,0.6606177686023387
Trametinib (GSK1120212),438.0356262962902,improved_hill,0.9424288612773198
Trametinib (GSK1120212),457.4855261567401,original_loglinear,0.6653241842110381
Trametinib (GSK1120212),457.4855261567401,improved_hill,0.9433053310408333
Trametinib (GSK1120212),477.7990512153967,original_loglinear,0.6700310458792016
Trametinib (GSK1120212),477.7990512153967,improved_hill,0.9441796224105351
Trametinib (GSK1120212),499.01454863539806,original_loglinear,0.6747383347219619
Trametinib (GSK1120212),499.01454863539806,improved_hill,0.9450517352774503
Trametinib (GSK1120212),521.1720682918038,original_loglinear,0.6794460326507619
Trametinib (GSK1120212),521.1720682918038,improved_hill,0.9459216695741623
Trametinib (GSK1120212),544.3134383763517,original_loglinear,0.6841541223400446
Trametinib (GSK1120212),544.3134383763517,improved_hill,0.946789425274608
Trametinib (GSK1120212),568.4823443592555,original_loglinear,0.6888625871953141
Trametinib (GSK1120212),568.4823443592555,improved_hill,0.9476550023938717
Trametinib (GSK1120212),593.7244114571097,original_loglinear,0.6935714113225127
Trametinib (GSK1120212),593.7244114571097,improved_hill,0.9485184009879782
Trametinib (GSK1120212),620.0872907625803,original_loglinear,0.6982805794986631
Trametinib (GSK1120212),620.0872907625803,improved_hill,0.9493796211536869
Trametinib (GSK1120212),647.6207491984753,original_loglinear,0.7029900771437227
Trametinib (GSK1120212),647.6207491984753,improved_hill,0.9502386630282821
Trametinib (GSK1120212),676.3767634659991,original_loglinear,0.7076998902936039
Trametinib (GSK1120212),676.3767634659991,improved_hill,0.9510955267893647
Trametinib (GSK1120212),706.409618164559,original_loglinear,0.7124100055743108
Trametinib (GSK1120212),706.409618164559,improved_hill,0.9519502126546435
Trametinib (GSK1120212),737.7760082683312,original_loglinear,0.7171204101771494
Trametinib (GSK1120212),737.7760082683312,improved_hill,0.952802720881724
Trametinib (GSK1120212),770.5351461530549,original_loglinear,0.721831091834967
Trametinib (GSK1120212),770.5351461530549,improved_hill,0.953653051767898
Trametinib (GSK1120212),804.7488733750887,original_loglinear,0.726542038799379
Trametinib (GSK1120212),804.7488733750887,improved_hill,0.9545012056499327
Trametinib (GSK1120212),840.4817774137397,original_loglinear,0.7312532398189435
Trametinib (GSK1120212),840.4817774137397,improved_hill,0.9553471829038569
Trametinib (GSK1120212),877.801313597249,original_loglinear,0.7359646841182441
Trametinib (GSK1120212),877.801313597249,improved_hill,0.9561909839447505
Trametinib (GSK1120212),916.7779324426061,original_loglinear,0.7406763613778449
Trametinib (GSK1120212),916.7779324426061,improved_hill,0.9570326092265296
Trametinib (GSK1120212),957.4852126495767,original_loglinear,0.7453882617150822
Trametinib (GSK1120212),957.4852126495767,improved_hill,0.957872059241733
Trametinib (GSK1120212),1000.0,original_loglinear,0.7501003756656573
Trametinib (GSK1120212),1000.0,improved_hill,0.9587093345213087
Trametinib (GSK1120212),1044.4025524245687,original_loglinear,0.7548126941659987
Trametinib (GSK1120212),1044.4025524245687,improved_hill,0.959544435634397
Trametinib (GSK1120212),1090.7766915109553,original_loglinear,0.7595252085363623
Trametinib (GSK1120212),1090.7766915109553,improved_hill,0.960377363188117
Trametinib (GSK1120212),1139.2099607392681,original_loglinear,0.7642379104646378
Trametinib (GSK1120212),1139.2099607392681,improved_hill,0.9612081178273497
Trametinib (GSK1120212),1189.7937907435858,original_loglinear,0.7689507919908344
Trametinib (GSK1120212),1189.7937907435858,improved_hill,0.9620367002345221
Trametinib (GSK1120212),1242.6236719115043,original_loglinear,0.773663845492215
Trametinib (GSK1120212),1242.6236719115043,improved_hill,0.9628631111293886
Trametinib (GSK1120212),1297.7993346475664,original_loglinear,0.7783770636690555
Trametinib (GSK1120212),1297.7993346475664,improved_hill,0.9636873512688167
Trametinib (GSK1120212),1355.4249376408254,original_loglinear,0.7830904395309999
Trametinib (GSK1120212),1355.4249376408254,improved_hill,0.964509421446566
Trametinib (GSK1120212),1415.6092644919916,original_loglinear,0.7878039663839892
Trametinib (GSK1120212),1415.6092644919916,improved_hill,0.9653293224930726
Trametinib (GSK1120212),1478.4659290713025,original_loglinear,0.7925176378177384
Trametinib (GSK1120212),1478.4659290713025,improved_hill,0.9661470552752286
Trametinib (GSK1120212),1544.1135899948315,original_loglinear,0.7972314476937411
Trametinib (GSK1120212),1544.1135899948315,improved_hill,0.9669626206961642
Trametinib (GSK1120212),1612.676174624066,original_loglinear,0.8019453901337764
Trametinib (GSK1120212),1612.676174624066,improved_hill,0.9677760196950291
Trametinib (GSK1120212),1684.283113011666,original_loglinear,0.8066594595089014
Trametinib (GSK1120212),1684.283113011666,improved_hill,0.9685872532467705
Trametinib (GSK1120212),1759.0695822349824,original_loglinear,0.8113736504289052
Trametinib (GSK1120212),1759.0695822349824,improved_hill,0.969396322361916
Trametinib (GSK1120212),1837.1767615786375,original_loglinear,0.8160879577322079
Trametinib (GSK1120212),1837.1767615786375,improved_hill,0.9702032280863506
Trametinib (GSK1120212),1918.7520990478324,original_loglinear,0.8208023764761843
Trametinib (GSK1120212),1918.7520990478324,improved_hill,0.9710079715010987
Trametinib (GSK1120212),2003.9495897155573,original_loglinear,0.8255169019278965
Trametinib (GSK1120212),2003.9495897155573,improved_hill,0.9718105537221012
Trametinib (GSK1120212),2092.9300664290954,original_loglinear,0.8302315295552151
Trametinib (GSK1120212),2092.9300664290954,improved_hill,0.9726109758999962
Trametinib (GSK1120212),2185.861503424672,original_loglinear,0.8349462550183173
Trametinib (GSK1120212),2185.861503424672,improved_hill,0.9734092392198961
Trametinib (GSK1120212),2282.919333423333,original_loglinear,0.8396610741615413
Trametinib (GSK1120212),2282.919333423333,improved_hill,0.9742053449011668
Trametinib (GSK1120212),2384.2867788067265,original_loglinear,0.8443759830055861
Trametinib (GSK1120212),2384.2867788067265,improved_hill,0.9749992941972065
Trametinib (GSK1120212),2490.1551974978984,original_loglinear,0.8490909777400394
Trametinib (GSK1120212),2490.1551974978984,improved_hill,0.9757910883952222
Trametinib (GSK1120212),2600.724444200114,original_loglinear,0.853806054716222
Trametinib (GSK1120212),2600.724444200114,improved_hill,0.9765807288160099
Trametinib (GSK1120212),2716.20324767557,original_loglinear,0.8585212104403332
Trametinib (GSK1120212),2716.20324767557,improved_hill,0.9773682168137302
Trametinib (GSK1120212),2836.8096047762683,original_loglinear,0.8632364415668871
Trametinib (GSK1120212),2836.8096047762683,improved_hill,0.9781535537756869
Trametinib (GSK1120212),2962.77119197087,original_loglinear,0.8679517448924253
Trametinib (GSK1120212),2962.77119197087,improved_hill,0.9789367411221044
Trametinib (GSK1120212),3094.325795144359,original_loglinear,0.8726671173494953
Trametinib (GSK1120212),3094.325795144359,improved_hill,0.9797177803059047
Trametinib (GSK1120212),3231.721758481955,original_loglinear,0.8773825560008854
Trametinib (GSK1120212),3231.721758481955,improved_hill,0.980496672812486
Trametinib (GSK1120212),3375.2184532845695,original_loglinear,0.8820980580340995
Trametinib (GSK1120212),3375.2184532845695,improved_hill,0.9812734201594971
Trametinib (GSK1120212),3525.0867676009134,original_loglinear,0.8868136207560703
Trametinib (GSK1120212),3525.0867676009134,improved_hill,0.9820480238966186
Trametinib (GSK1120212),3681.6096176004667,original_loglinear,0.8915292415880919
Trametinib (GSK1120212),3681.6096176004667,improved_hill,0.9828204856053355
Trametinib (GSK1120212),3845.082481652772,original_loglinear,0.8962449180609707
Trametinib (GSK1120212),3845.082481652772,improved_hill,0.9835908068987177
Trametinib (GSK1120212),4015.8139581211503,original_loglinear,0.9009606478103779
Trametinib (GSK1120212),4015.8139581211503,improved_hill,0.9843589894211952
Trametinib (GSK1120212),4194.126347923944,original_loglinear,0.9056764285724014
Trametinib (GSK1120212),4194.126347923944,improved_hill,0.985125034848336
Trametinib (GSK1120212),4380.356262962902,original_loglinear,0.9103922581792855
Trametinib (GSK1120212),4380.356262962902,improved_hill,0.9858889448866228
Trametinib (GSK1120212),4574.855261567406,original_loglinear,0.9151081345553496
Trametinib (GSK1120212),4574.855261567406,improved_hill,0.9866507212732297
Trametinib (GSK1120212),4777.990512153967,original_loglinear,0.9198240557130812
Trametinib (GSK1120212),4777.990512153967,improved_hill,0.9874103657758
Trametinib (GSK1120212),4990.145486353981,original_loglinear,0.9245400197493948
Trametinib (GSK1120212),4990.145486353981,improved_hill,0.988167880192223
Trametinib (GSK1120212),5211.720682918039,original_loglinear,0.9292560248420472
Trametinib (GSK1120212),5211.720682918039,improved_hill,0.9889232663504107
Trametinib (GSK1120212),5443.134383763522,original_loglinear,0.9339720692462068
Trametinib (GSK1120212),5443.134383763522,improved_hill,0.9896765261080761
Trametinib (GSK1120212),5684.823443592555,original_loglinear,0.9386881512911678
Trametinib (GSK1120212),5684.823443592555,improved_hill,0.9904276613525101
Trametinib (GSK1120212),5937.244114571097,original_loglinear,0.9434042693772025
Trametinib (GSK1120212),5937.244114571097,improved_hill,0.9911766740003585
Trametinib (GSK1120212),6200.872907625803,original_loglinear,0.9481204219725484
Trametinib (GSK1120212),6200.872907625803,improved_hill,0.991923565997401
Trametinib (GSK1120212),6476.207491984753,original_loglinear,0.9528366076105235
Trametinib (GSK1120212),6476.207491984753,improved_hill,0.9926683393183267
Trametinib (GSK1120212),6763.767634659991,original_loglinear,0.9575528248867609
Trametinib (GSK1120212),6763.767634659991,improved_hill,0.9934109959665144
Trametinib (GSK1120212),7064.09618164559,original_loglinear,0.9622690724565645
Trametinib (GSK1120212),7064.09618164559,improved_hill,0.9941515379738096
Trametinib (GSK1120212),7377.760082683305,original_loglinear,0.9669853490323747
Trametinib (GSK1120212),7377.760082683305,improved_hill,0.9948899674003019
Trametinib (GSK1120212),7705.351461530549,original_loglinear,0.9717016533813416
Trametinib (GSK1120212),7705.351461530549,improved_hill,0.9956262863341049
Trametinib (GSK1120212),8047.488733750887,original_loglinear,0.9764179843230021
Trametinib (GSK1120212),8047.488733750887,improved_hill,0.996360496891134
Trametinib (GSK1120212),8404.817774137397,original_loglinear,0.9811343407270544
Trametinib (GSK1120212),8404.817774137397,improved_hill,0.9970926012148855
Trametinib (GSK1120212),8778.01313597248,original_loglinear,0.9858507215112279
Trametinib (GSK1120212),8778.01313597248,improved_hill,0.9978226014762154
Trametinib (GSK1120212),9167.779324426061,original_loglinear,0.9905671256392435
Trametinib (GSK1120212),9167.779324426061,improved_hill,0.9985504998731187
Trametinib (GSK1120212),9574.852126495767,original_loglinear,0.9952835521188591
Trametinib (GSK1120212),9574.852126495767,improved_hill,0.9992762986305093
Trametinib (GSK1120212),10000.0,original_loglinear,1.0
Trametinib (GSK1120212),10000.0,improved_hill,1.0
