drug,dose_nM,gene_set,pearson_improved_hill,pearson_original_loglinear,r2_improved_hill,r2_original_loglinear,pearson_improvement,r2_improvement,pearson_residual,r2_residual,r2_gain_vs_loglinear,pearson_gain_vs_loglinear
(+)-JQ1,10.0,all_retained_genes,0.9885780885151229,0.9879153527917872,0.96961135711034,0.9663590904025888,0.0006627357233356,0.003252266707751,0.9871560309978189,0.9675057733426919,0.0011466829401031164,-0.000759321793968315
(+)-JQ1,10.0,top100_DE,0.9728985772462748,0.9724547812218212,0.9217446493488785,0.9156666481376072,0.0004437960244536,0.0060780012112711,0.9703046964274398,0.9179387076907061,0.0022720595530988374,-0.0021500847943813906
(+)-JQ1,10.0,top500_HVG,0.9929986212348928,0.992506223965756,0.9794980389663196,0.9767112367930172,0.0004923972691368,0.0027868021733024,0.9919476840214118,0.977720485046273,0.0010092482532557678,-0.000558539944344294
(+)-JQ1,100.0,all_retained_genes,0.9764384168676314,0.9774563481275016,0.951811885412353,0.9546372365265712,-0.0010179312598701,-0.0028253511142183,0.9751453811621827,0.950812530419955,-0.003824706106616227,-0.0023109669653188503
(+)-JQ1,100.0,top100_DE,0.9562969964517186,0.9573042607437376,0.9089375347268612,0.9086130550497086,-0.001007264292019,0.0003244796771527,0.9559168073047632,0.9018491109983038,-0.006763944051404791,-0.0013874534389743953
(+)-JQ1,100.0,top500_HVG,0.9819443312085008,0.9827420194058196,0.9639107566512648,0.9657474361110128,-0.000797688197319,-0.0018366794597478,0.9804030183497551,0.9607335320008313,-0.005013904110181433,-0.002339001056064549
(+)-JQ1,1000.0,all_retained_genes,0.947589661741716,0.9493163383236858,0.8971775802603851,0.9011743571779746,-0.0017266765819698,-0.0039967769175894,0.9429242388424878,0.8871443372463688,-0.014030019931605797,-0.00639209948119801
(+)-JQ1,1000.0,top100_DE,0.9124275736019604,0.9111097434188414,0.8147125353173459,0.8026579344613077,0.0013178301831188,0.0120546008560381,0.9076884901334423,0.7835286759326301,-0.01912925852867764,-0.0034212532853991062
(+)-JQ1,1000.0,top500_HVG,0.9553617225079892,0.9570780385544116,0.912569448137858,0.9137520304121108,-0.0017163160464224,-0.0011825822742528,0.9527379228644162,0.9009008473115475,-0.012851183100563324,-0.004340115689995483
(+)-JQ1,10000.0,all_retained_genes,0.9357647399653222,0.9357647399653222,0.8723561313577978,0.8723561313577978,0.0,0.0,0.9330965678530408,0.8699670435264696,-0.002389087831328185,-0.0026681721122813196
(+)-JQ1,10000.0,top100_DE,0.8643361977052025,0.8643361977052025,0.7376752172400707,0.7376752172400707,0.0,0.0,0.8649891563648102,0.7361393001675485,-0.0015359170725222082,0.0006529586596076831
(+)-JQ1,10000.0,top500_HVG,0.9488360634240308,0.9488360634240308,0.900279684552573,0.900279684552573,0.0,0.0,0.9456102298652678,0.8932506766655612,-0.007029007887011773,-0.003225833558763047
Trametinib (GSK1120212),10.0,all_retained_genes,0.920772859134541,0.9248889338749212,0.8468747128800689,0.8521281610283824,-0.0041160747403803,-0.0052534481483135,0.9244911084552989,0.8501757680371907,-0.0019523929911916538,-0.00039782541962229967
Trametinib (GSK1120212),10.0,top100_DE,0.760984043034733,0.7635815166603589,0.5613837890182061,0.5441466824335572,-0.0025974736256259,0.0172371065846488,0.7676905854266942,0.5470126119123873,0.0028659294788300205,0.004109068766335322
Trametinib (GSK1120212),10.0,top500_HVG,0.9268737790672792,0.9329062295137605,0.8581753213642296,0.8683699219203366,-0.006032450446481,-0.0101946005561069,0.9317435448732402,0.8649652121505503,-0.0034047097697862405,-0.0011626846405202729
Trametinib (GSK1120212),100.0,all_retained_genes,0.9168183434716052,0.92001365370861,0.839897152602406,0.8437974902099253,-0.003195310237005,-0.0039003376075192,0.9210980075231937,0.8438255769226938,2.8086712768438105e-05,0.0010843538145837162
Trametinib (GSK1120212),100.0,top100_DE,0.8108116991100938,0.8121402447476688,0.6543684446063351,0.6415740148481792,-0.001328545637575,0.0127944297581559,0.8153609534339469,0.6423099465817719,0.0007359317335926541,0.0032207086862781065
Trametinib (GSK1120212),100.0,top500_HVG,0.9204600096235592,0.925033810752744,0.8467069201672208,0.8538809438676104,-0.0045738011291845,-0.0071740237003895,0.9249427077951118,0.8524712770315144,-0.0014096668360960019,-9.110295763226084e-05
Trametinib (GSK1120212),1000.0,all_retained_genes,0.9079979201756508,0.9103885103066144,0.8230960845308931,0.8271930954630712,-0.0023905901309634,-0.004097010932178,0.912885394460299,0.8305413616599686,0.0033482661968974314,0.002496884153684653
Trametinib (GSK1120212),1000.0,top100_DE,0.6951294305548575,0.6969793797060583,0.4432819895667945,0.4320257561188363,-0.0018499491512007,0.0112562334479582,0.709250254502792,0.4387850610688482,0.0067593049500118685,0.012270874796733722
Trametinib (GSK1120212),1000.0,top500_HVG,0.9134409818943467,0.91607874821023,0.8331709168057335,0.8367809292474664,-0.0026377663158831,-0.0036100124417328,0.9166480966710552,0.8363419481782346,-0.0004389810692317919,0.0005693484608251254
Trametinib (GSK1120212),10000.0,all_retained_genes,0.9013596301294752,0.9013596301294752,0.8111570200988387,0.8111570200988387,0.0,0.0,0.9014487738953566,0.8110273367711384,-0.0001296833277003584,8.914376588142758e-05
Trametinib (GSK1120212),10000.0,top100_DE,0.7038418250532795,0.7038418250532795,0.4659209440707997,0.4659209440707997,0.0,0.0,0.7062855603857426,0.46002556391177607,-0.005895380159023633,0.002443735332463115
Trametinib (GSK1120212),10000.0,top500_HVG,0.9088977283406328,0.9088977283406328,0.8249124777628509,0.8249124777628509,0.0,0.0,0.908792796022637,0.8241534431118311,-0.0007590346510197854,-0.00010493231799579839
